Id,Name,Surname,Initials,Age,DateOfBirth
1,Jowan,Robbertze,J,42,1980-12-12
2,Pranav,Mahoney,P,19,2003-11-13
3,"Sasha Cohen",Acosta,SC,35,1987-08-23
4,Pranav,Bolton,P,72,1950-05-03
5,Sean,Acosta,S,45,1977-04-06
6,"Sasha Cohen",Moore,SC,43,1979-04-12
7,Genise,Cline,G,69,1953-10-04
8,Annalette,Moore,A,42,1980-09-06
9,Luis,Barnard,L,74,1948-09-09
10,Sean,Harmon,S,77,1946-01-26
11,Katya,Mahoney,K,66,1956-04-26
12,"Sasha Cohen",Robbertze,SC,46,1976-05-31
13,Carl,Barnard,C,58,1964-10-10
14,Annalette,Abbott,A,54,1968-11-07
15,Katya,Barnard,K,65,1957-12-06
16,Sean,Mahoney,S,70,1952-11-09
17,Thomas,Bolton,T,49,1974-01-01
18,Jacques,Hubbard,J,51,1971-04-17
19,Annalette,Abbott,A,60,1962-12-12
20,Sean,Cline,S,60,1962-12-26
21,Bianca,Bolton,B,75,1947-09-28
22,Luis,Bolton,L,52,1970-10-13
23,Ricus,Cline,R,57,1965-04-28
24,Carl,Guerrero,C,71,1951-08-03
25,Megan,Cline,M,50,1972-12-06
26,Phillip,Henderson,P,76,1946-09-27
27,Phillip,Guerrero,P,55,1967-12-21
28,Francois,Harmon,F,39,1983-05-26
29,Jowan,Henderson,J,48,1974-10-02
30,Sean,Cline,S,38,1984-07-31
31,Genise,Robbertze,G,21,2001-05-16
32,Phillip,Hubbard,P,65,1957-12-29
33,Jowan,Harmon,J,38,1984-03-13
34,Jacques,Guerrero,J,42,1980-06-04
35,Amiel,Moore,A,31,1991-12-20
36,"Sasha Cohen",Quinn,SC,20,2003-03-06
37,"Sasha Cohen",Huynh,SC,52,1970-03-20
38,Pranav,Hood,P,70,1952-05-28
39,Erica,Moore,E,39,1983-03-24
40,Genise,Robbertze,G,45,1977-05-06
41,Nico,Bolton,N,47,1975-06-27
42,Jowan,Pierce,J,28,1994-11-09
43,Carl,Spears,C,51,1971-12-11
44,Annalette,Moore,A,61,1961-04-11
45,Francois,Huynh,F,65,1957-12-06
46,Amiel,Spears,A,75,1947-04-28
47,Nico,Abbott,N,34,1988-06-28
48,Phillip,Cline,P,18,2004-12-23
49,Katya,Bolton,K,44,1978-07-03
50,Bianca,Mcclain,B,39,1983-04-07
51,Megan,Barnard,M,59,1963-05-08
52,Francois,Spears,F,77,1945-12-13
53,Phillip,Acosta,P,66,1956-10-28
54,Nico,Kirk,N,38,1984-12-05
55,Annalette,Mcclain,A,41,1981-04-16
56,Annalette,Guerrero,A,69,1953-11-22
57,Annalette,Huynh,A,80,1943-03-09
58,Thomas,Hubbard,T,78,1944-08-21
59,Luis,Moore,L,76,1946-03-24
60,Genise,Robbertze,G,59,1963-07-08
61,Megan,Acosta,M,21,2001-11-02
62,Genise,Quinn,G,42,1980-12-17
63,Phillip,Spears,P,38,1984-05-04
64,Erica,Kirk,E,56,1966-03-14
65,Bianca,Abbott,B,57,1965-03-22
66,Vance,Barnard,V,62,1960-08-14
67,Carl,Quinn,C,67,1955-09-30
68,Ricus,Abbott,R,42,1980-04-21
69,Luis,Spears,L,48,1974-09-19
70,"Sasha Cohen",Hubbard,SC,40,1982-05-13
71,Pranav,Pierce,P,74,1948-03-20
72,Luis,Mcclain,L,36,1986-08-04
73,Bianca,Spears,B,25,1997-12-09
74,Ricus,Barnard,R,70,1952-07-16
75,Annalette,Mcclain,A,23,2000-01-15
76,Erica,Quinn,E,34,1988-06-07
77,Nico,Abbott,N,20,2002-10-30
78,Phillip,Quinn,P,49,1973-05-22
79,Megan,Huynh,M,76,1946-10-24
80,Ricus,Harmon,R,52,1970-11-01
81,Thomas,Robbertze,T,58,1965-01-07
82,Bianca,Huynh,B,32,1990-04-05
83,Annalette,Spears,A,61,1961-09-27
84,Jowan,Guerrero,J,35,1987-05-14
85,Amiel,Barnard,A,52,1970-05-10
86,Sean,Robbertze,S,51,1972-01-17
87,Katya,Henderson,K,51,1971-08-22
88,Annalette,Abbott,A,18,2004-07-05
89,Sean,Pierce,S,34,1989-02-27
90,Megan,Quinn,M,54,1968-12-10
91,Bianca,Hood,B,22,2000-05-14
92,Genise,Robbertze,G,72,1951-02-28
93,Katya,Guerrero,K,37,1985-06-11
94,Megan,Huynh,M,53,1969-08-18
95,Ricus,Bolton,R,74,1949-02-21
96,Vance,Huynh,V,79,1943-07-31
97,Phillip,Jensen,P,33,1989-03-10
98,Jowan,Henderson,J,55,1967-12-11
99,Amiel,Hood,A,71,1952-03-02
100,Sean,Henderson,S,42,1980-05-31
